model,sample_count,correct_count,mean_confidence,mean_roi_attention_ratio,median_roi_attention_ratio
ConvNeXtTiny,12,8,0.8890746136506399,0.8846586369789567,0.8942099726495314
Custom CNN,12,8,0.8448263704776764,0.7514784338034356,0.7618563543965029
EfficientNetV2B0,12,8,0.789034329354763,0.7931602297713481,0.7709236797672092
