{
  "0": 4.05322997,
  "1": 0.41219288,
  "2": 0.405323,
  "3": 0.63998368,
  "4": 0.45885622,
  "5": 0.4863876,
  "6": 2.21085271,
  "7": 0.63998368,
  "8": 0.63998368,
  "9": 0.62357384,
  "10": 0.45035889,
  "11": 0.69483942,
  "12": 0.43427464,
  "13": 0.41929965,
  "14": 1.17296044,
  "15": 1.43055176,
  "16": 2.21085271,
  "17": 0.81064599,
  "18": 0.75998062,
  "19": 4.05322997,
  "20": 2.43193798,
  "21": 2.70215332,
  "22": 2.43193798,
  "23": 1.73709856,
  "24": 3.47419712,
  "25": 0.6079845,
  "26": 1.51996124,
  "27": 4.05322997,
  "28": 1.73709856,
  "29": 3.47419712,
  "30": 2.02661499,
  "31": 1.15806571,
  "32": 4.05322997,
  "33": 1.35107666,
  "34": 2.21085271,
  "35": 0.75998062,
  "36": 2.43193798,
  "37": 4.05322997,
  "38": 0.44217054,
  "39": 3.03992248,
  "40": 2.43193798,
  "41": 4.05322997,
  "42": 4.05322997
}